City_ID,City,Lat,Lng,Max Temp,Humidity,Cloudiness,Wind Speed,Country,Date
0,edinburgh of the seven seas,-37.0676,-12.3116,12.49,91,100,14.16,SH,1697399161
1,albany,42.6001,-73.9662,13.36,59,100,4.75,US,1697399013
2,talnakh,69.4865,88.3972,-8.77,92,22,0.63,RU,1697399161
3,mezica,46.5214,14.8544,7.66,99,82,0.67,SI,1697399161
4,glace bay,46.1969,-59.957,14.94,78,100,3.13,CA,1697399161
5,iskateley,67.6803,53.1512,0.57,87,100,8.94,RU,1697399161
6,peace river,56.2501,-117.286,8.17,87,100,3.6,CA,1697398865
7,port-aux-francais,-49.35,70.2167,1.02,70,100,13.09,TF,1697399161
8,iqaluit,63.7506,-68.5145,0.85,74,75,3.6,CA,1697399018
9,vorgashor,67.5833,63.95,-1.04,90,100,6.55,RU,1697399103
10,pariaman,-0.619,100.12,25.03,89,88,1.17,ID,1697399162
11,adamstown,-25.066,-130.1015,21.79,81,18,3.01,PN,1697399162
12,ust'-barguzin,53.45,108.9833,3.94,70,97,2.24,RU,1697399162
13,corund,46.4667,25.1833,9.07,96,100,4.22,RO,1697399162
14,waitangi,-43.9535,-176.5597,11.57,81,52,6.71,NZ,1697399162
15,san luis de la loma,17.2706,-100.8939,29.46,77,100,2.14,MX,1697399162
16,stanley,54.868,-1.6985,6.7,88,0,1.54,GB,1697399089
17,nuku'alofa,-21.1333,-175.2,23.19,83,40,5.14,TO,1697399162
18,sitka,57.0531,-135.33,10.94,87,100,0.0,US,1697399163
19,east ballina,-28.8667,153.5833,19.89,81,5,3.74,AU,1697399163
20,carnarvon,-24.8667,113.6333,25.49,36,7,5.0,AU,1697399163
21,longyearbyen,78.2186,15.6401,-1.09,80,75,6.69,SJ,1697399163
22,marrakesh,31.6315,-8.0083,29.04,28,75,1.03,MA,1697399072
23,grytviken,-54.2811,-36.5092,1.51,91,54,5.22,GS,1697399011
24,vera,-29.4593,-60.2126,31.47,26,3,3.41,AR,1697399163
25,west lafayette,40.4259,-86.9081,13.56,74,100,4.63,US,1697399163
26,moses lake,47.1301,-119.2781,18.2,52,40,1.54,US,1697399103
27,aykhal,66.0,111.5,-7.18,85,100,2.24,RU,1697399163
28,kingston,17.997,-76.7936,32.36,69,20,2.57,JM,1697398876
29,suwalki,54.1118,22.9309,6.83,65,58,6.72,PL,1697398993
30,punta arenas,-53.15,-70.9167,10.06,50,40,11.83,CL,1697399164
31,college,64.8569,-147.8028,1.15,92,100,2.06,US,1697399164
32,petropavlovsk-kamchatsky,53.0452,158.6483,6.36,88,75,2.24,RU,1697399055
33,puerto ayora,-0.7393,-90.3518,29.98,87,93,2.68,EC,1697399164
34,niagara falls,43.1001,-79.0663,10.7,82,100,6.17,CA,1697398865
35,san antonio,29.4241,-98.4936,27.03,27,0,7.72,US,1697398963
36,puerto natales,-51.7236,-72.4875,11.25,46,40,10.29,CL,1697399164
37,callao,-12.0667,-77.15,21.16,73,75,2.06,PE,1697399164
38,bredasdorp,-34.5322,20.0403,14.44,97,12,1.63,ZA,1697399165
39,estevan,49.1334,-102.9842,13.19,47,0,5.14,CA,1697399165
40,utica,43.1009,-75.2327,11.62,80,94,0.89,US,1697398949
41,turpan,42.9333,89.1667,16.26,35,14,0.48,CN,1697399165
42,ghanzi,-21.5667,21.7833,25.44,34,100,2.39,BW,1697399165
43,thompson,55.7435,-97.8558,13.09,62,20,1.03,CA,1697399165
44,ushuaia,-54.8,-68.3,6.81,65,40,13.89,AR,1697399032
45,tazovsky,67.4667,78.7,1.17,98,100,1.5,RU,1697399165
46,cabo san lucas,22.8909,-109.9124,33.67,63,0,5.14,MX,1697399166
47,arraial do cabo,-22.9661,-42.0278,23.92,78,75,7.72,BR,1697399166
48,yulinshi,38.2906,109.7494,12.26,34,0,0.64,CN,1697399166
49,blackmans bay,-43.0167,147.3167,7.07,83,100,2.62,AU,1697399008
50,menaka,15.9182,2.4022,34.55,14,4,3.67,ML,1697399166
51,papatowai,-46.5619,169.4708,8.13,63,54,5.93,NZ,1697399006
52,yellowknife,62.456,-114.3525,10.23,84,20,7.72,CA,1697399166
53,akureyri,65.6835,-18.0878,4.96,87,100,5.66,IS,1697399166
54,hamilton,39.1834,-84.5333,14.0,62,100,5.14,US,1697399166
55,ambovombe,-25.1667,46.0833,21.31,75,60,1.89,MG,1697399167
56,olonkinbyen,70.9221,-8.7187,0.59,78,85,3.71,SJ,1697399167
57,mont-dore,-22.2833,166.5833,25.0,99,98,4.85,NC,1697399167
58,lihue,21.9789,-159.3672,26.87,71,40,3.6,US,1697399167
59,quellon,-43.1167,-73.6167,9.5,81,96,1.3,CL,1697399167
60,bethel,41.3712,-73.414,15.47,60,100,4.63,US,1697399163
61,afaahiti,-17.75,-149.2833,27.93,76,68,2.63,PF,1697399167
62,port saint john's,-31.6229,29.5448,18.56,85,100,6.49,ZA,1697399027
63,rio gallegos,-51.6226,-69.2181,15.03,31,40,11.83,AR,1697399062
64,avarua,-21.2078,-159.775,22.03,78,100,4.12,CK,1697399009
65,aguie,13.506,7.7786,31.53,18,67,2.74,NE,1697399168
66,margaret river,-33.95,115.0667,16.69,58,100,5.4,AU,1697399014
67,sile,41.1754,29.6133,17.37,65,0,0.45,TR,1697399168
68,fale old settlement,-9.3852,-171.2468,28.53,73,35,9.55,TK,1697399168
69,mogadishu,2.0371,45.3438,26.5,86,18,5.68,SO,1697399168
70,canton,23.1167,113.25,21.97,61,100,2.51,CN,1697399168
71,timmins,48.4669,-81.3331,5.9,81,100,8.75,CA,1697399168
72,gorom-gorom,14.4439,-0.2361,34.75,14,36,2.12,BF,1697399169
73,touros,-5.1989,-35.4608,26.12,71,100,9.07,BR,1697399169
74,tiksi,71.6872,128.8694,-9.74,88,100,7.49,RU,1697399169
75,doka,13.5167,35.7667,24.97,64,47,2.68,SD,1697399169
76,invercargill,-46.4,168.35,6.12,83,100,2.68,NZ,1697399169
77,penafiel,41.2084,-8.2829,18.34,96,100,1.35,PT,1697399169
78,mount gambier,-37.8333,140.7667,9.64,60,51,6.28,AU,1697399169
79,kuanda,56.3161,116.0806,0.18,59,100,1.65,RU,1697399083
80,new norfolk,-42.7826,147.0587,7.18,95,100,1.13,AU,1697399169
81,papao,-17.75,-149.55,28.82,76,50,3.92,PF,1697399170
82,reynosa,26.0833,-98.2833,29.99,28,75,6.17,MX,1697399170
83,tofol,5.3248,163.0078,27.15,78,100,5.9,FM,1697399170
84,zungeru,9.8128,6.1558,27.35,68,75,1.43,NG,1697399170
85,kavieng,-2.5744,150.7967,27.3,75,100,2.16,PG,1697399166
86,aswan,24.0934,32.907,28.61,24,0,3.09,EG,1697399170
87,wailua homesteads,22.0669,-159.378,26.53,73,40,3.6,US,1697399170
88,vilyuchinsk,52.9306,158.4028,7.18,96,100,1.56,RU,1697399074
89,fort bragg,35.139,-79.006,17.82,59,100,2.68,US,1697399170
90,poplar bluff,36.757,-90.3929,15.85,72,75,3.13,US,1697399171
91,port lincoln,-34.7333,135.8667,12.54,64,38,7.75,AU,1697399171
92,ta`u,-14.2336,-169.5144,26.34,76,76,8.07,AS,1697399171
93,whitehorse,60.7161,-135.0538,5.57,81,75,6.17,CA,1697399171
94,dunedin,-45.8742,170.5036,11.0,43,28,3.58,NZ,1697399072
95,paita,-5.0892,-81.1144,22.37,75,87,7.05,PE,1697399171
96,ust-nera,64.5667,143.2,-16.55,99,84,1.79,RU,1697399171
97,serov,59.6033,60.5787,8.17,92,100,4.47,RU,1697399171
98,kabalo,-6.05,26.9167,21.52,92,44,2.13,CD,1697399171
99,ilulissat,69.2167,-51.1,-6.99,79,100,7.2,GL,1697399172
100,ajdabiya,30.7554,20.2263,22.54,72,0,2.16,LY,1697399172
101,bilibino,68.0546,166.4372,-13.6,98,100,1.1,RU,1697399172
102,santa marinella,42.0345,11.8536,21.95,86,83,2.16,IT,1697399172
103,uturoa,-16.7333,-151.4333,25.63,75,2,4.45,PF,1697399172
104,vilani,56.5525,26.9245,7.5,82,74,5.7,LV,1697399172
105,ketchikan,55.3422,-131.6461,12.99,94,75,2.06,US,1697399172
106,shiyan,32.6475,110.7781,15.21,68,0,1.67,CN,1697399172
107,aasiaat,68.7098,-52.8699,-4.39,66,100,2.61,GL,1697399172
108,temiskaming shores,47.4938,-79.7153,6.89,83,100,5.61,CA,1697399173
109,mazar-e sharif,36.709,67.1109,14.62,31,100,1.87,AF,1697399173
110,arno,60.1167,18.6333,8.21,65,59,6.48,SE,1697399173
111,skovorodino,53.9833,123.9167,-2.99,71,0,1.82,RU,1697399173
112,kasongo,-4.45,26.6667,19.39,98,52,0.99,CD,1697399171
113,anadyr,64.75,177.4833,-0.72,100,75,1.0,RU,1697399173
114,okhotsk,59.3833,143.3,2.29,76,100,5.22,RU,1697399173
115,mungaa,-4.9667,34.8833,22.21,52,94,4.87,TZ,1697399173
116,alice springs,-23.7,133.8833,11.75,32,0,0.51,AU,1697398917
117,plymouth meeting,40.1023,-75.2744,16.41,63,100,4.02,US,1697399174
118,uvira,-3.4067,29.1458,24.03,79,100,1.44,CD,1697399174
119,chibougamau,49.9168,-74.3659,11.79,71,100,5.66,CA,1697399174
120,kodiak,57.79,-152.4072,8.73,93,100,4.12,US,1697399174
121,san patricio,28.017,-97.5169,26.2,27,0,7.19,US,1697399174
122,nar'yan-mar,67.6713,53.087,0.62,87,100,8.94,RU,1697399047
123,isafjordur,66.0755,-23.124,4.94,96,100,1.72,IS,1697399035
124,tezontepec,19.8833,-98.8167,17.77,65,96,4.46,MX,1697399174
125,port elizabeth,-33.918,25.5701,18.16,93,100,6.69,ZA,1697399174
126,naze,28.3667,129.4833,19.51,59,68,4.44,JP,1697399175
127,mil'kovo,55.6078,37.7956,10.31,90,100,3.96,RU,1697399175
128,jamestown,42.097,-79.2353,9.73,91,100,5.14,US,1697398938
129,kolokani,13.5728,-8.0339,30.63,16,87,3.8,ML,1697399175
130,al fuwayliq,26.4432,43.2534,26.86,14,0,4.13,SA,1697399175
131,fort dodge,42.4975,-94.168,10.86,62,100,4.63,US,1697399175
132,port alfred,-33.5906,26.891,16.77,95,100,2.68,ZA,1697399175
133,puerto san jose,13.9256,-90.8244,29.49,73,78,2.63,GT,1697399175
134,northam,51.0333,-4.2167,7.01,77,100,4.33,GB,1697399176
135,ar rahad,12.7167,30.65,31.1,35,99,3.5,SD,1697399176
136,san ignacio,17.1561,-89.0714,33.08,62,20,2.06,BZ,1697399176
137,lorengau,-2.0226,147.2712,27.14,77,100,1.61,PG,1697399177
138,mejit,10.2753,170.8646,27.95,73,24,5.29,MH,1697399177
139,essaouira,31.5125,-9.77,26.72,38,75,5.66,MA,1697399177
140,sao joao da barra,-21.6403,-41.0511,26.05,89,100,3.5,BR,1697399177
141,codrington,-38.2667,141.9667,9.57,70,82,10.24,AU,1697399131
142,margate,51.3813,1.3862,5.17,59,43,3.38,GB,1697399177
143,san pedro pochutla,15.7333,-96.4667,30.84,74,100,2.8,MX,1697399177
144,ararat,39.8317,44.7049,18.19,41,33,1.52,AM,1697399178
145,nadym,65.5333,72.5167,0.41,90,100,3.6,RU,1697399178
146,doksy,50.5647,14.6555,5.57,78,41,3.3,CZ,1697399178
147,enewetak,11.3474,162.3373,28.44,76,99,4.49,MH,1697399132
148,toliara,-23.35,43.6667,22.72,78,0,2.97,MG,1697399178
149,acajutla,13.5928,-89.8275,28.76,78,92,2.72,SV,1697399178
150,hermanus,-34.4187,19.2345,15.23,93,10,3.8,ZA,1697399178
151,jaguaquara,-13.5306,-39.9708,24.96,48,36,3.91,BR,1697399178
152,mandalgovi,45.7625,106.2708,5.91,47,9,3.83,MN,1697399178
153,amos,48.5669,-78.1162,8.5,80,100,5.3,CA,1697399104
154,crane,31.3974,-102.3501,20.7,27,0,4.56,US,1697399179
155,celestun,20.8667,-90.4,28.45,80,68,6.26,MX,1697399179
156,port-vila,-17.7338,168.3219,23.78,94,75,3.09,VU,1697399179
157,antalaha,-14.9003,50.2788,22.93,92,99,2.1,MG,1697399179
158,keflavik,64.0049,-22.5624,8.24,93,100,7.2,IS,1697399179
159,gazli,40.1333,63.45,11.36,18,8,5.91,UZ,1697399180
160,queenstown,-31.8976,26.8753,12.09,87,100,5.37,ZA,1697399180
161,port mathurin,-19.6833,63.4167,23.45,84,18,6.36,MU,1697399180
162,ha tinh,18.3333,105.9,22.8,89,71,3.19,VN,1697399180
163,darwin,-12.4611,130.8418,24.99,88,30,1.54,AU,1697399101
164,kununurra,-15.7667,128.7333,16.99,72,87,0.0,AU,1697399180
165,constantia,44.1833,28.65,16.5,84,2,6.14,RO,1697399061
166,junin de los andes,-39.9504,-71.0694,11.53,35,4,7.71,AR,1697399180
167,egilsstadir,65.2653,-14.3948,-0.05,93,100,1.03,IS,1697399181
168,tianpeng,30.9866,103.9393,20.91,77,83,0.43,CN,1697399181
169,oranjemund,-28.55,16.4333,16.36,76,0,2.22,NA,1697399181
170,morehead city,34.7229,-76.726,18.0,69,75,5.66,US,1697399157
171,sodankyla,67.4167,26.6,0.76,99,100,4.45,FI,1697399181
172,mashhad,36.297,59.6062,11.08,62,0,2.06,IR,1697399182
173,mount pearl,47.5166,-52.7813,15.25,71,75,5.66,CA,1697399024
174,irara,-12.05,-38.7667,27.15,46,20,6.68,BR,1697399183
175,strezhevoy,60.7333,77.5889,3.31,91,99,3.13,RU,1697399183
176,altayskoye,51.9533,85.3325,8.19,78,94,3.53,RU,1697399183
177,pitimbu,-7.4706,-34.8086,28.33,72,100,6.7,BR,1697399183
178,kavaratti,10.5669,72.642,27.3,74,86,2.34,IN,1697399183
179,tangalle,6.024,80.7911,24.92,86,97,3.23,LK,1697398921
180,klyuchi,52.2667,79.1667,4.78,77,31,3.17,RU,1697399012
181,namtsy,62.7161,129.6658,-11.21,96,14,0.67,RU,1697399139
182,daru,-9.0763,143.2092,24.72,87,83,5.18,PG,1697399184
183,morehead,37.2711,-87.1764,13.81,63,100,2.57,US,1697399088
184,saipan,15.1355,145.701,26.39,89,0,2.06,MP,1697399184
185,tarnogskiy gorodok,60.4997,43.5761,7.49,80,71,5.22,RU,1697399185
186,broken hill,-31.95,141.4333,11.82,78,0,7.13,AU,1697399185
187,saudarkrokur,65.7461,-19.6394,4.64,98,100,6.08,IS,1697399185
188,georgetown,5.4112,100.3354,27.96,89,20,0.0,MY,1697399102
189,porto belo,-27.1578,-48.5531,19.97,87,100,3.48,BR,1697399059
190,lata,40.1629,-8.3327,19.34,91,74,1.16,PT,1697399185
191,utrik,11.2278,169.8474,28.07,72,10,5.71,MH,1697399185
192,lazaro cardenas,17.9583,-102.2,29.2,78,94,0.29,MX,1697399186
193,leninskoye,41.7589,69.3864,10.22,43,7,1.2,KZ,1697399186
194,luderitz,-26.6481,15.1594,15.34,79,0,3.26,NA,1697399186
195,vorkuta,67.5,64.0,-0.84,92,100,6.63,RU,1697399187
196,sinan,34.8262,126.1086,18.06,72,0,8.71,KR,1697399188
197,monterrey,25.6667,-100.3167,21.98,57,98,1.14,MX,1697398959
198,bardai,11.65,7.2333,25.25,34,18,0.18,NG,1697399189
199,ouadda,8.0777,22.4007,19.99,96,100,1.03,CF,1697399189
200,tolanaro,-25.0319,46.9987,24.04,78,75,2.06,MG,1697399189
201,prince rupert,54.3161,-130.3201,14.05,88,100,7.72,CA,1697399004
202,constitucion,-35.3333,-72.4167,13.59,67,0,9.73,CL,1697399190
203,hithadhoo,-0.6,73.0833,27.68,75,18,7.49,MV,1697399099
204,ataq,14.5377,46.8319,22.63,63,0,3.33,YE,1697399190
205,clarinda,40.7419,-95.0383,12.18,58,100,6.17,US,1697399190
206,liman,48.9884,37.8023,12.23,40,0,2.34,UA,1697399190
207,le moule,16.3332,-61.3473,31.21,100,92,1.34,GP,1697399190
208,susuman,62.7833,148.1667,-9.45,83,100,0.89,RU,1697399191
209,kargasok,59.0556,80.8572,3.87,81,99,4.02,RU,1697399191
210,trinity,28.1808,-82.6818,26.64,63,7,4.02,US,1697398917
211,norilsk,69.3535,88.2027,-8.65,92,28,0.07,RU,1697399155
212,tan-tan,28.438,-11.1032,23.46,69,100,3.61,MA,1697399191
213,kirensk,57.7853,108.1119,5.57,95,100,3.58,RU,1697399191
214,chonchi,-42.6128,-73.8092,11.56,74,88,1.32,CL,1697399191
215,revda,56.801,59.9303,8.47,82,100,6.64,RU,1697399191
216,west island,-12.1568,96.8225,24.99,83,40,5.66,CC,1697399022
217,peniche,39.3558,-9.3811,21.27,96,85,3.31,PT,1697399192
218,nikolayevsk-on-amure,53.1406,140.73,7.42,96,100,1.52,RU,1697399192
219,juan griego,11.0817,-63.9655,30.85,67,24,4.12,VE,1697399192
220,grande prairie,55.1667,-118.8027,12.1,66,75,3.6,CA,1697398950
221,palmer,42.1584,-72.3287,14.65,52,75,6.17,US,1697399067
222,dudinka,69.4058,86.1778,-6.85,91,26,3.58,RU,1697399192
223,acarau,-2.8856,-40.12,27.59,69,92,9.45,BR,1697399026
224,tura,25.5198,90.2201,20.09,86,5,1.62,IN,1697399192
225,port blair,11.6667,92.75,26.02,94,40,0.51,IN,1697399087
226,rongelap,11.1635,166.8941,28.07,76,52,6.38,MH,1697399193
227,yuxi,24.355,102.5422,12.72,96,1,1.17,CN,1697399193
228,tshikapa,-6.4167,20.8,23.68,73,100,0.69,CD,1697399193
229,rosetta,31.4044,30.4164,23.53,60,7,4.52,EG,1697399193
230,ceelbuur,4.685,46.6176,27.34,71,55,6.9,SO,1697399193
231,gadzhiyevo,69.2551,33.3362,1.53,89,100,2.38,RU,1697399034
232,guerrero negro,27.9769,-114.0611,27.5,49,0,5.06,MX,1697399090
233,sainthia,23.95,87.6667,23.45,68,0,0.72,IN,1697399194
234,ancud,-41.8697,-73.8203,10.37,74,59,4.03,CL,1697399054
235,corner brook,48.9667,-57.9484,12.09,80,68,0.71,CA,1697399073
236,hailar,49.2,119.7,-0.72,39,71,2.51,CN,1697399194
237,buala,-8.145,159.5921,26.86,84,100,1.55,SB,1697399194
238,nelson bay,-32.7167,152.15,16.11,91,1,3.13,AU,1697399195
239,tsiombe,-25.3,45.4833,19.76,82,34,0.48,MG,1697399195
240,smithers,54.7804,-127.1743,11.18,87,75,1.54,CA,1697399195
241,envira,-7.3,-70.2167,31.37,50,96,0.97,BR,1697399196
242,singaraja,-8.112,115.0882,25.43,79,7,1.3,ID,1697399196
243,island harbour,50.724,-1.2758,8.32,66,100,5.16,GB,1697399197
244,ribeira grande,38.5167,-28.7,22.65,88,40,15.43,PT,1697399197
245,isangel,-19.55,169.2667,24.06,84,100,6.9,VU,1697399197
246,port douglas,-16.4833,145.4667,21.72,79,74,2.2,AU,1697399198
247,mariehamn,60.0973,19.9348,8.23,61,20,5.66,AX,1697399198
248,motygino,58.1831,94.7592,5.99,79,100,2.68,RU,1697399199
249,la cruz,23.9167,-106.9,31.22,64,0,3.29,MX,1697399199
250,marsa alam,25.0757,34.8918,26.11,53,0,3.34,EG,1697399199
251,kenora,49.8167,-94.4337,15.54,51,0,4.12,CA,1697399199
252,uyuni,-20.4597,-66.825,22.04,11,31,5.17,BO,1697399199
253,udachny,66.4167,112.4,-4.75,85,100,2.92,RU,1697399199
254,letlhakeng,-24.0944,25.0298,21.15,71,97,4.74,BW,1697399200
255,bakanas,44.8081,76.2772,9.13,39,22,2.01,KZ,1697399200
256,dingli,35.8614,14.3822,22.67,83,0,4.12,MT,1697399200
257,nemuro,43.3236,145.575,14.41,71,100,6.06,JP,1697399200
258,fengxiang,47.5833,130.8333,3.03,56,76,5.21,CN,1697399201
259,tshabong,-26.05,22.45,22.78,18,0,8.42,BW,1697399201
260,kidal,18.4411,1.4078,31.47,12,72,0.63,ML,1697399202
261,saint-pierre,-21.3393,55.4781,23.82,73,0,1.54,RE,1697399184
262,pangody,65.85,74.4859,0.86,91,100,3.42,RU,1697399202
263,ust'-talovka,50.5493,81.85,6.61,83,100,3.84,KZ,1697399202
264,bikenibeu village,1.3673,173.1241,28.98,79,75,2.57,KI,1697399075
265,sen monorom,12.45,107.2,19.03,98,100,1.26,KH,1697399202
266,gelemso,8.8167,40.5167,18.75,68,96,1.24,ET,1697399203
267,gaspe,48.8334,-64.4819,10.95,100,100,4.63,CA,1697399203
268,kapuskasing,49.4169,-82.4331,5.0,93,100,7.2,CA,1697399105
269,atafu village,-8.5421,-172.5159,28.75,74,100,9.43,TK,1697399203
270,viedma,-40.8135,-62.9967,24.89,29,91,10.06,AR,1697399203
271,pamandzi,-12.7967,45.2794,26.88,83,20,3.09,YT,1697399203
272,tumayr,25.7039,45.868,27.75,13,0,1.56,SA,1697399204
273,amasra,41.7463,32.3863,17.13,86,56,2.34,TR,1697399204
274,askale,39.9208,40.695,12.64,57,100,1.81,TR,1697399204
275,fisterra,42.9049,-9.2629,18.19,88,91,9.36,ES,1697399204
276,swift current,50.2834,-107.8014,11.45,58,20,6.17,CA,1697399204
277,antsiranana,-12.2787,49.2917,23.26,90,19,3.24,MG,1697399204
278,markovo,57.3206,107.0881,4.3,79,100,1.07,RU,1697399205
279,xilin hot,43.9667,116.0333,2.41,41,0,2.24,CN,1697399205
280,holualoa,19.6228,-155.9522,25.99,77,20,2.24,US,1697399205
281,cimitarra,6.3142,-73.9497,33.39,53,18,1.23,CO,1697399205
282,sangueya,10.7,-14.3667,26.16,90,100,1.41,GN,1697399205
283,kilinochchi,9.3961,80.3982,24.95,82,44,3.14,LK,1697399205
284,longjiang,47.3303,123.1836,3.44,35,0,4.08,CN,1697399206
285,remire-montjoly,4.9167,-52.2667,32.02,62,0,6.69,GF,1697399206
286,porto novo,6.4965,2.6036,26.48,83,100,3.16,BJ,1697399027
287,motueka,-41.1333,173.0167,11.31,56,27,1.02,NZ,1697399206
288,flagstaff,35.1981,-111.6513,24.73,21,0,3.6,US,1697399206
289,sinabang,2.4803,96.3801,25.57,86,100,2.94,ID,1697399206
290,vuktyl,63.8567,57.3094,2.84,97,100,4.47,RU,1697399207
291,saint-georges,12.0564,-61.7485,30.82,79,20,5.14,GD,1697399207
292,fort st. john,56.2499,-120.8529,10.94,71,75,3.6,CA,1697399207
293,mujiayingzi,42.1167,118.7833,4.47,33,0,1.79,CN,1697399207
294,port shepstone,-30.7414,30.455,18.92,82,100,5.78,ZA,1697399207
295,vernon,50.2581,-119.2691,18.75,66,65,1.03,CA,1697399104
296,hami,42.8,93.45,12.83,44,43,2.16,CN,1697399207
297,fortuna foothills,32.6578,-114.4119,33.45,13,0,1.34,US,1697399208
298,ayame,5.6083,-3.1563,23.86,96,100,1.88,CI,1697399208
299,melekeok village,7.4957,134.6367,27.31,89,75,2.06,PW,1697399208
300,gisborne,-38.6533,178.0042,13.59,54,100,3.49,NZ,1697399208
301,dryden,49.7833,-92.7503,10.16,62,0,4.12,CA,1697399208
302,summerville,33.0185,-80.1757,21.97,59,100,4.12,US,1697399081
303,zeya,53.75,127.2667,-1.4,65,25,4.82,RU,1697399163
304,ifon,6.9241,5.776,23.69,97,100,1.55,NG,1697399209
305,mohr,54.3528,9.7167,6.75,91,52,2.06,DE,1697399209
306,mount isa,-20.7333,139.5,21.87,21,37,4.63,AU,1697399209
307,bandon,51.7469,-8.7425,8.77,82,100,2.26,IE,1697399209
308,bel ombre,-4.6167,55.4167,27.91,83,40,5.66,SC,1697399209
309,gebeit,21.0667,36.3167,24.73,49,0,2.46,SD,1697399209
310,mcrae,32.068,-82.9007,20.53,53,55,5.97,US,1697399210
311,coquimbo,-29.9533,-71.3436,15.85,77,0,5.66,CL,1697399210
312,lautoka,-17.6167,177.4667,24.92,73,75,4.12,FJ,1697399210
313,cabras,39.93,8.5314,19.65,75,97,2.02,IT,1697399210
314,waingapu,-9.6567,120.2641,24.82,84,35,3.58,ID,1697399210
315,st. john's,47.5649,-52.7093,15.71,71,75,5.66,CA,1697399012
316,badger,64.8,-147.5333,1.1,94,20,2.06,US,1697399210
317,taco pozo,-25.6167,-63.2833,38.67,22,9,4.29,AR,1697399211
318,greymouth,-42.4667,171.2,10.92,73,78,5.45,NZ,1697399211
319,surany,48.0861,18.1845,10.53,63,69,5.74,SK,1697399211
320,recani,31.2846,-4.2688,24.9,22,3,1.57,MA,1697399211
321,ulsteinvik,62.3432,5.8487,8.2,78,100,5.81,NO,1697399211
322,moranbah,-22.0016,148.0466,17.56,77,6,0.92,AU,1697399211
323,hlybokaye,55.1382,27.6879,7.88,66,72,6.59,BY,1697399211
324,ulladulla,-35.35,150.4667,13.03,66,100,2.71,AU,1697399211
325,al bayda',32.7627,21.7551,17.05,84,20,3.8,LY,1697399211
326,vyselki,45.5794,39.6597,17.38,40,98,2.43,RU,1697399212
327,zag,46.9441,99.165,1.44,54,6,1.94,MN,1697399212
328,kamogawa,35.1,140.1,18.08,78,0,4.06,JP,1697399212
329,fortuna,40.5982,-124.1573,21.63,77,20,1.54,US,1697399212
330,kailua-kona,19.6406,-155.9956,28.06,76,20,2.24,US,1697399176
331,nazare,-13.035,-39.0144,26.02,65,14,2.91,BR,1697399212
332,toyooka,35.5333,134.8333,16.95,82,88,1.98,JP,1697399212
333,qamdo,31.1667,97.2333,-0.54,69,93,1.46,CN,1697399212
334,nalgonda,17.05,79.2667,25.01,76,88,0.9,IN,1697399212
335,haiku-pauwela,20.9219,-156.3051,27.25,69,0,3.09,US,1697399030
336,al qubbah,32.7616,22.2424,17.43,80,1,5.83,LY,1697399213
337,chernyshevskiy,63.0128,112.4714,-0.45,98,100,3.23,RU,1697399047
338,buka,40.8108,69.1986,10.67,37,47,0.12,UZ,1697399213
339,coppenbrugge,52.1167,9.55,8.39,87,19,3.46,DE,1697399213
340,pacasmayo,-7.4006,-79.5714,21.88,75,84,5.78,PE,1697399213
341,bulgan,48.8125,103.5347,4.69,65,45,1.61,MN,1697399213
342,mili,6.0815,171.735,28.5,72,100,3.21,MH,1697399213
343,laguna,38.421,-121.4238,29.8,39,0,0.45,US,1697399213
344,palikir - national government center,6.9248,158.1611,23.41,88,75,1.54,FM,1697399213
345,mikun',62.3547,50.0771,6.03,93,94,3.39,RU,1697399214
346,kamaishi,39.2667,141.8833,14.1,86,27,3.03,JP,1697399214
347,morales,2.757,-76.6172,20.35,87,100,1.06,CO,1697399214
348,knik-fairview,61.5126,-149.6001,8.94,80,0,3.09,US,1697399214
349,midvagur,62.0511,-7.1939,8.46,87,100,4.63,FO,1697399214
350,kauhajoki,62.4333,22.1833,2.84,79,86,4.01,FI,1697399214
351,yuma,32.7253,-114.6244,33.82,13,0,3.19,US,1697399214
352,tacoronte,28.4769,-16.4102,24.63,46,0,3.6,ES,1697399214
353,phan rang-thap cham,11.5667,108.9833,24.31,97,100,1.26,VN,1697399214
354,petauke,-14.2426,31.3253,27.69,45,75,4.98,ZM,1697399215
355,hawaiian paradise park,19.5933,-154.9731,27.8,74,0,1.54,US,1697399215
356,walvis bay,-22.9575,14.5053,14.53,88,0,3.6,NA,1697399147
357,paramonga,-10.6667,-77.8333,21.11,79,72,4.51,PE,1697399215
358,mana,5.6592,-53.7767,29.27,72,10,5.64,GF,1697399215
359,bandarbeyla,9.4942,50.8122,26.76,83,27,1.49,SO,1697399098
360,tobruk,32.0836,23.9764,23.03,69,0,4.06,LY,1697399215
361,sisimiut,66.9395,-53.6735,-2.04,68,100,5.35,GL,1697399124
362,togur,58.3631,82.8265,5.08,80,76,6.26,RU,1697399215
363,taroa,8.7058,171.2275,27.9,74,25,4.01,MH,1697399215
364,simpang,-1.2667,104.0833,24.32,88,50,1.57,ID,1697399216
365,jintur,19.6167,76.7,23.79,55,14,1.26,IN,1697399216
366,nova sintra,14.8667,-24.7167,24.91,76,100,3.27,CV,1697399216
367,riyadh,24.6877,46.7219,30.08,13,0,3.39,SA,1697399216
368,yangambi,0.8102,24.4336,21.45,98,100,0.77,CD,1697399216
369,saint cloud,45.5608,-94.1625,14.4,62,0,5.66,US,1697399152
370,port augusta,-32.5,137.7667,12.01,87,6,5.12,AU,1697399216
371,yerofey pavlovich,53.9667,121.9667,-3.02,62,11,1.58,RU,1697399216
372,soma,39.1855,27.6094,16.3,64,0,0.69,TR,1697399216
373,takoradi,4.8845,-1.7554,25.54,88,26,4.16,GH,1697399217
374,adjumani,3.3779,31.7909,20.75,95,100,0.97,UG,1697399217
375,turbat,26.0023,63.044,26.74,74,23,3.37,PK,1697399093
376,tchibanga,-2.85,11.0333,22.44,96,100,1.49,GA,1697399217
377,igarka,67.4667,86.5833,1.33,100,100,1.43,RU,1697399217
378,ponta delgada,37.7333,-25.6667,23.4,88,75,13.89,PT,1697399217
379,dosso,13.049,3.1937,31.7,26,96,1.92,NE,1697399217
380,bougouni,11.417,-7.479,29.04,42,84,2.1,ML,1697399217
381,luau,-10.7073,22.2247,19.5,73,18,0.34,AO,1697399217
382,rio grande,-32.035,-52.0986,22.06,82,19,8.79,BR,1697399218
383,yanchep,-31.55,115.6833,23.07,34,45,5.66,AU,1697399218
384,orangeburg,33.4918,-80.8557,20.91,58,100,2.06,US,1697399218
385,tartagal,-22.5164,-63.8013,38.64,20,42,3.74,AR,1697399218
386,kerikeri,-35.2268,173.9474,13.84,94,28,0.8,NZ,1697399218
387,nizhniy lomov,53.5304,43.6766,12.06,51,3,6.23,RU,1697399218
388,okahandja,-21.9833,16.9167,17.96,18,56,3.69,NA,1697399218
389,kharp,66.8014,65.8081,-2.15,97,100,2.89,RU,1697399218
390,berezovyy,51.6667,135.7,2.74,98,100,1.09,RU,1697399218
391,beruniy,41.6911,60.7525,4.98,65,0,2.06,UZ,1697399219
392,lerwick,60.1545,-1.1494,3.0,65,93,4.72,GB,1697399219
393,costa rica,-23.4167,-54.65,34.86,34,44,3.93,BR,1697399219
394,naliya,23.2667,68.8333,26.42,71,1,4.23,IN,1697399219
395,belokurikha,51.9959,84.9896,7.54,77,100,0.89,RU,1697399219
396,lebu,-37.6167,-73.65,11.34,68,5,8.85,CL,1697399219
397,tripoli,32.8752,13.1875,24.22,55,0,2.32,LY,1697399219
398,libreville,0.3925,9.4537,27.01,89,75,4.63,GA,1697399219
399,pendencias,-5.26,-36.7222,31.99,36,80,8.9,BR,1697399219
400,augusto correa,-1.0217,-46.635,28.88,68,34,3.72,BR,1697399219
401,okulovka,58.4008,33.2908,7.38,82,91,5.36,RU,1697399220
402,mpanda,-6.3655,31.0409,24.43,63,82,1.65,TZ,1697399220
403,faro,37.0194,-7.9322,21.88,94,40,2.06,PT,1697399220
404,nema,57.5067,50.5011,13.01,84,100,5.51,RU,1697399220
405,page,36.9147,-111.4558,20.88,24,0,1.79,US,1697399220
406,talibon,10.1492,124.325,25.98,76,16,0.22,PH,1697399220
407,zouerate,22.7187,-12.4521,31.54,15,12,2.59,MR,1697399220
408,klaksvik,62.2266,-6.589,8.51,83,100,7.57,FO,1697399220
409,selogiri,-7.7833,110.8667,25.06,79,5,1.78,ID,1697399221
410,suoyarvi,62.0833,32.35,2.78,81,98,5.57,RU,1697399221
411,namalenga,-10.95,39.1,23.74,83,8,2.59,TZ,1697399221
412,marsabit,2.3284,37.9899,20.79,74,91,5.29,KE,1697399221
413,cheremukhovo,60.3484,59.9851,6.9,94,100,3.1,RU,1697399221
414,coronel suarez,-37.4547,-61.9334,25.56,24,68,6.99,AR,1697399221
415,prado,-17.3411,-39.2208,25.51,73,4,3.59,BR,1697398984
416,pandan,14.0453,124.1694,26.69,82,100,2.99,PH,1697399221
417,tokar,18.4254,37.729,29.53,71,26,4.95,SD,1697399221
418,baruun-urt,46.6806,113.2792,2.04,42,0,3.67,MN,1697399222
419,lycksele,64.5954,18.6735,1.93,75,85,6.17,SE,1697399222
420,luce,48.4369,1.4636,7.79,71,100,0.89,FR,1697399222
421,fuji,35.1667,138.6833,13.87,71,0,1.3,JP,1697399222
422,la passe,45.5549,-0.8967,13.34,48,100,6.69,FR,1697399022
423,elliot lake,46.3834,-82.6331,7.27,74,100,5.65,CA,1697399057
424,nogliki,51.8333,143.1667,9.08,84,95,3.13,RU,1697399222
425,kotido,2.9806,34.1331,24.34,60,61,6.1,UG,1697399222
426,kill devil hills,36.0307,-75.676,16.1,69,100,4.12,US,1697399222
427,tra vinh,9.9347,106.3453,24.71,93,100,2.56,VN,1697399223
428,jahanian shah,31.8055,72.2771,26.26,43,100,3.03,PK,1697399223
429,middelburg,-25.7751,29.4648,15.92,73,100,2.06,ZA,1697399223
430,kuching,1.55,110.3333,27.24,90,40,1.03,MY,1697399223
431,sinnar,13.5691,33.5672,32.66,31,40,1.53,SD,1697399223
432,iwanai,42.9744,140.5089,11.8,92,30,2.22,JP,1697399223
433,kone,-21.0595,164.8658,22.55,88,100,2.6,NC,1697399223
434,masterton,-40.9597,175.6575,12.71,61,100,4.78,NZ,1697399224
435,mawu,29.5923,107.3139,16.5,83,32,1.54,CN,1697399224
436,sabang,5.8933,95.3214,27.27,80,100,7.92,ID,1697399224
437,cannonvale,-20.2833,148.7,21.66,80,23,1.17,AU,1697399224
438,aripuana,-9.1667,-60.6333,36.05,32,96,1.32,BR,1697399224
439,necochea,-38.5473,-58.7368,20.11,49,13,5.42,AR,1697399162
440,colonia,50.9333,6.95,7.76,87,20,1.03,DE,1697399038
441,lake havasu city,34.4839,-114.3224,33.46,13,0,3.6,US,1697399224
442,porto seguro,-16.4497,-39.0647,26.29,73,0,4.63,BR,1697399225
443,worland,44.0169,-107.9554,18.71,46,0,0.45,US,1697399225
444,raton,36.9034,-104.4391,16.34,25,0,2.57,US,1697399225
445,phan thiet,10.9333,108.1,24.47,94,100,1.06,VN,1697399225
446,hailey,43.5196,-114.3153,18.78,41,0,0.89,US,1697399225
447,ellsworth,44.5434,-68.4195,13.25,76,100,4.12,US,1697399225
448,achinsk,56.2694,90.4993,7.88,91,100,4.02,RU,1697399225
449,koryazhma,61.3143,47.1691,9.39,83,94,4.27,RU,1697399225
450,newman,37.3138,-121.0208,26.83,10,3,0.75,US,1697399225
451,pisco,-13.7,-76.2167,22.03,73,0,4.63,PE,1697399012
452,merizo village,13.2658,144.6691,26.31,79,94,1.24,GU,1697399226
453,severo-yeniseyskiy,60.3725,93.0408,0.88,90,99,4.02,RU,1697399226
454,qaqortoq,60.7167,-46.0333,2.92,87,77,1.48,GL,1697399226
455,riberalta,-10.9833,-66.1,36.11,44,75,4.12,BO,1697399226
456,khilok,51.3674,110.4676,3.71,68,69,1.34,RU,1697399226
457,yuzhno-kurilsk,44.0306,145.8556,14.1,69,100,2.41,RU,1697399227
458,lubao,14.9167,120.55,26.84,89,100,1.48,PH,1697399227
459,saposoa,-6.934,-76.7716,34.37,37,53,1.96,PE,1697399227
460,weligama,5.9667,80.4167,25.07,88,78,1.56,LK,1697399227
461,padang,-0.9492,100.3543,25.03,92,78,0.62,ID,1697399227
462,bulayevo,54.9056,70.4439,4.7,73,73,3.93,KZ,1697399227
463,kudahuvadhoo,2.6708,72.8944,27.88,77,100,6.53,MV,1697399227
464,shimoda,34.6667,138.95,13.95,75,0,4.53,JP,1697399227
465,bedi,22.5,70.05,27.08,73,0,4.5,IN,1697399228
466,sergach,55.5308,45.4661,13.09,52,100,6.02,RU,1697399228
467,tyukhtet,56.5389,89.3011,4.59,91,100,3.5,RU,1697399228
468,arkalyk,50.2486,66.9114,8.34,52,96,5.25,KZ,1697399228
469,alofi,-19.0595,-169.9187,24.94,69,100,7.2,NU,1697399228
470,prince albert,53.2001,-105.7677,11.97,50,75,6.69,CA,1697399004
471,loukhi,66.0764,33.0381,2.16,96,99,3.27,RU,1697399101
472,marsh harbour,26.5412,-77.0636,27.68,67,3,6.15,BS,1697399228
473,xichang,27.8964,102.2634,14.11,93,73,0.16,CN,1697399229
474,wenling,28.3669,121.36,17.42,74,1,1.8,CN,1697399229
475,berezovo,63.9381,65.0419,3.31,73,100,2.68,RU,1697399229
476,manokwari,-0.8667,134.0833,25.88,76,99,1.07,ID,1697399229
477,ma'an,26.9775,110.7211,16.21,69,0,0.62,CN,1697399229
478,saldanha,-33.0117,17.9442,16.03,85,0,6.0,ZA,1697399229
479,tommot,58.9564,126.2925,-6.34,97,75,1.16,RU,1697399229
480,kristiansund,63.1115,7.732,6.36,70,75,5.14,NO,1697399140
481,las palmas de gran canaria,28.0997,-15.4134,27.07,65,0,3.09,ES,1697399229
482,illizi,26.4833,8.4667,27.89,17,96,3.93,DZ,1697399230
483,porbandar,21.6422,69.6093,26.68,76,1,3.82,IN,1697399230
484,griffith,41.5284,-87.4237,15.75,69,100,7.72,US,1697399230
485,colonel hill,22.7667,-74.2167,29.26,76,27,6.84,BS,1697399230
486,bemidji,47.4736,-94.8803,15.5,48,0,4.63,US,1697399230
487,villa emilio carranza,19.9667,-96.6,22.8,95,100,7.45,MX,1697399230
488,vadso,70.0744,29.7487,3.09,87,75,11.83,NO,1697399230
489,salinopolis,-0.6136,-47.3561,28.19,75,36,6.87,BR,1697399230
490,tosontsengel,48.7567,98.2839,1.67,57,1,9.4,MN,1697399231
491,awjilah,29.1081,21.2869,23.21,45,0,3.15,LY,1697399231
492,lagoa,39.05,-27.9833,21.55,93,100,17.58,PT,1697399231
493,polyarnyy,69.1989,33.4478,2.09,89,100,2.24,RU,1697399231
494,ribeira brava,32.65,-17.0667,27.78,67,100,3.5,PT,1697399231
495,tafresh,34.692,50.013,14.19,38,53,1.28,IR,1697399231
496,bela,25.9333,81.9833,24.9,60,63,2.23,IN,1697399231
497,narrabri,-30.3167,149.7833,16.49,40,2,1.76,AU,1697399231
498,la sebala du mornag,36.6793,10.292,23.81,69,20,0.51,TN,1697399231
499,bayganin,48.6947,55.8742,10.13,63,0,3.34,KZ,1697399232
500,garoua boulai,5.8833,14.55,17.82,97,98,0.22,CM,1697399232
501,gizo,-8.103,156.8419,27.47,79,60,3.74,SB,1697399232
502,el calafate,-50.3408,-72.2768,9.7,56,20,6.5,AR,1697399232
503,westport,41.1415,-73.3579,16.21,57,75,7.72,US,1697399232
504,vila franca do campo,37.7167,-25.4333,23.23,99,96,15.09,PT,1697399087
505,geraldton,-28.7667,114.6,25.23,13,100,5.66,AU,1697399232
506,moussoro,13.6408,16.4901,34.04,25,100,2.74,TD,1697399232
507,thunder bay,48.4001,-89.3168,8.99,66,75,5.66,CA,1697399233
508,viisoara,46.55,23.9167,10.76,81,100,7.28,RO,1697399233
509,sorong,-0.8833,131.25,25.84,86,100,1.85,ID,1697399233
510,berdigestyakh,62.0989,126.6992,-10.95,97,49,1.34,RU,1697399233
511,emerald,-23.5333,148.1667,17.41,69,45,3.22,AU,1697399233
512,yelizovo,53.1873,158.3805,7.11,100,75,1.0,RU,1697399233
513,castillos,-34.1667,-53.8333,16.06,77,100,5.99,UY,1697399233
514,mishan,45.55,131.8833,4.28,41,5,6.07,CN,1697399233
515,spring creek,40.7266,-115.5859,19.9,21,85,0.47,US,1697399233
516,tsetserleg,47.475,101.4542,5.6,42,33,3.26,MN,1697399234
517,skeldon,5.8833,-57.1333,30.56,62,53,4.39,GY,1697399234
518,muynoq,43.7683,59.0214,10.3,43,0,3.95,UZ,1697399234
519,harstad,68.799,16.5293,3.66,97,100,17.88,NO,1697399234
520,quatre cocos,-20.2078,57.7625,22.06,75,0,2.54,MU,1697399234
521,cacheu,12.2706,-16.1658,26.59,78,38,2.61,GW,1697399234
522,sao felix do xingu,-6.6447,-51.995,30.57,51,94,0.42,BR,1697398996
523,bor,56.3567,44.0669,12.96,91,100,4.66,RU,1697399234
524,san juan de uraba,8.7592,-76.5297,30.84,68,41,1.95,CO,1697399234
525,hadibu,12.65,54.0333,26.79,76,33,1.42,YE,1697399235
526,kimbe,-5.5502,150.1429,24.5,90,100,1.19,PG,1697399235
527,nago,26.5881,127.9761,22.47,58,6,4.78,JP,1697399044
528,north bend,43.4065,-124.2243,21.8,68,100,2.06,US,1697399235
529,hualien city,23.9769,121.6044,23.03,82,81,3.24,TW,1697399235
530,cabedelo,-6.9811,-34.8339,28.37,71,82,7.06,BR,1697399235
531,mangrol,21.1167,70.1167,26.32,79,0,3.48,IN,1697399235
532,east london,-33.0153,27.9116,18.47,82,100,9.29,ZA,1697399235
533,spittal an der drau,46.8,13.5,8.82,93,62,1.97,AT,1697399235
534,ola,59.5833,151.2833,1.34,70,100,3.03,RU,1697399236
535,minas de marcona,-15.2119,-75.1103,19.63,60,13,5.98,PE,1697399236
536,muroto-misakicho,33.2833,134.15,19.58,64,0,3.01,JP,1697399236
537,baiao,-2.7906,-49.6717,38.11,27,44,2.87,BR,1697399236
538,broome,42.2506,-75.833,10.95,89,100,4.12,US,1697399139
539,veraval,20.9,70.3667,26.19,81,0,3.98,IN,1697399236
540,nizhnesortymskiy,62.4397,71.7603,2.9,86,100,3.53,RU,1697399236
541,namibe,-15.1961,12.1522,18.67,73,26,1.97,AO,1697399132
542,cobourg,50.2667,10.9667,4.29,88,6,1.59,DE,1697399236
543,burang,30.25,81.1667,-0.34,61,16,1.69,CN,1697399237
544,tralee,52.2704,-9.7026,7.22,80,100,2.62,IE,1697399237
545,zaozersk,69.4005,32.4476,1.91,90,98,3.41,RU,1697399237
546,kinablangan,7.6947,126.5503,25.69,85,71,1.66,PH,1697399237
547,el granada,37.5027,-122.4694,28.11,68,40,2.06,US,1697398952
548,khandyga,62.6667,135.6,-17.3,98,98,1.25,RU,1697399089
549,itaituba,-4.2761,-55.9836,35.09,55,40,3.5,BR,1697399237
550,beni saf,35.301,-1.3823,22.16,63,24,0.16,DZ,1697399237
551,greenland,43.0362,-70.8328,16.06,59,75,5.14,US,1697399238
552,babolsar,36.7025,52.6576,17.14,82,0,1.03,IR,1697399238
553,flying fish cove,-10.4217,105.6791,25.82,94,100,3.6,CX,1697399036
554,sailana,23.4667,74.9167,23.47,59,10,2.83,IN,1697399238
555,varena,54.2167,24.5667,8.65,56,69,4.91,LT,1697399238
556,labrador city,52.9463,-66.9114,5.95,81,100,7.72,CA,1697399238
557,mabaruma,8.2,-59.7833,31.0,63,8,3.39,GY,1697399238
558,springs,-26.25,28.4,15.87,85,100,4.52,ZA,1697399238
559,cururupu,-1.8283,-44.8683,29.17,63,53,2.97,BR,1697399238
560,zabol,32.25,67.25,10.36,67,5,4.23,AF,1697399239
561,bucerias,20.75,-105.3333,32.21,70,20,3.6,MX,1697399239
562,sonoita,31.85,-112.8333,35.08,15,0,1.98,MX,1697399239
